className,weekday,lessonNumber,subject,teacher,room
5 Клас,Понеділок,1,Фізкультура,Осипенко Роман Миколайович,
5 Клас,Понеділок,2,Зарубіжна література,Дяченко Наталія Костянтинівна,
5 Клас,Понеділок,3,Українська література,Дяченко Наталія Костянтинівна,
5 Клас,Понеділок,4,Математика,Єрмошина Тетяна Олегівна,
5 Клас,Понеділок,5,Англійська мова,Ніколаєць Наталія Олегівна,
5 Клас,Понеділок,6,Технології,Кармазін Юрій,
6 Клас,Понеділок,1,Математика,Ракута Вікторія Миколаївна,
6 Клас,Понеділок,2,Географія,Дегтяр Олександр Леонідович,
6 Клас,Понеділок,3,Українська мова,Лєщенко Світлана Петрівна,
6 Клас,Понеділок,4,Історія України,Луценко Наталія Олександрівна,
7 Клас,Понеділок,1,Географія,Дегтяр Олександр Леонідович,
7 Клас,Понеділок,2,Фізика,Єрмошина Тетяна Олегівна,
7 Клас,Понеділок,3,Математика,Ракута Вікторія Миколаївна,
7 Клас,Понеділок,4,Технології,Кармазін Юрій,
7 Клас,Понеділок,5,Українська література,Дяченко Наталія Костянтинівна,
7 Клас,Понеділок,6,Біологія,Нізіна Тамара Миколаївна,
7 Клас,Понеділок,7,Охорона здоров’я,Кармазін Юрій,
8 Клас,Понеділок,1,Українська мова,Лєщенко Світлана Петрівна,
8 Клас,Понеділок,2,Технології,Кармазін Юрій,
8 Клас,Понеділок,3,Географія,Дегтяр Олександр Леонідович,
8 Клас,Понеділок,4,Історія України,Дегтяр Олександр Леонідович,
8 Клас,Понеділок,5,Математика,Єрмошина Тетяна Олегівна,
8 Клас,Понеділок,6,Фізика,Єрмошина Тетяна Олегівна,
8 Клас,Понеділок,7,Хімія,Нізіна Тамара Миколаївна,
9 Клас,Понеділок,5,Хімія,Нізіна Тамара Миколаївна,
9 Клас,Понеділок,6,Математика,Прядко Оксана Володимирівна,
9 Клас,Понеділок,7,Географія,Дегтяр Олександр Леонідович,
9 Клас,Понеділок,8,Історія України,Луценко Наталія Олександрівна,
9 Клас,Понеділок,9,Українська мова,Лєщенко Світлана Петрівна,
9 Клас,Понеділок,10,Українська література,Лєщенко Світлана Петрівна,
11 Клас,Понеділок,1,Українська література,Дяченко Наталія Костянтинівна,
11 Клас,Понеділок,2,Математика,Ракута Вікторія Миколаївна,
11 Клас,Понеділок,3,Фізкультура,Осипенко Роман Миколайович,
11 Клас,Понеділок,4,Біологія,Нізіна Тамара Миколаївна,
11 Клас,Понеділок,5,Технології,Кармазін Юрій,
11 Клас,Понеділок,6,Англійська мова,Ніколаєць Наталія Олегівна,
11 Клас,Понеділок,7,Фізика,Єрмошина Тетяна Олегівна,
1 Клас,Понеділок,3,Англійська мова,Ніколаєць Наталія Олегівна,
2 Клас,Понеділок,2,Англійська мова,Ніколаєць Наталія Олегівна,
3 Клас,Понеділок,1,Англійська мова,Ніколаєць Наталія Олегівна,
4 Клас,Понеділок,4,Англійська мова,Ніколаєць Наталія Олегівна,
5 Клас,Вівторок,1,Природознавство,Нізіна Тамара Миколаївна,
5 Клас,Вівторок,2,Інформатика,Косачев Владислав Петрович,
5 Клас,Вівторок,3,Математика,Єрмошина Тетяна Олегівна,
5 Клас,Вівторок,4,Англійська мова,Ніколаєць Наталія Олегівна,
5 Клас,Вівторок,5,Мистецтво,Шпилевська Олена Іванівна,
5 Клас,Вівторок,6,Українська мова,Дяченко Наталія Костянтинівна,
6 Клас,Вівторок,1,Українська мова,Лєщенко Світлана Петрівна,
6 Клас,Вівторок,2,Природознавство,Нізіна Тамара Миколаївна,
6 Клас,Вівторок,3,Математика,Прядко Оксана Володимирівна,
6 Клас,Вівторок,4,Зарубіжна література,Лєщенко Світлана Петрівна,
6 Клас,Вівторок,5,Англійська мова,Ніколаєць Наталія Олегівна,
6 Клас,Вівторок,6,Українська мова,Лєщенко Світлана Петрівна,
7 Клас,Вівторок,1,Українська мова,Дяченко Наталія Костянтинівна,
7 Клас,Вівторок,2,Українська література,Дяченко Наталія Костянтинівна,
7 Клас,Вівторок,3,Математика,Ракута Вікторія Миколаївна,
7 Клас,Вівторок,4,Математика,Ракута Вікторія Миколаївна,
7 Клас,Вівторок,5,Інформатика,Косачев Владислав Петрович,
7 Клас,Вівторок,6,Біологія,Нізіна Тамара Миколаївна,
7 Клас,Вівторок,7,Англійська мова,Ніколаєць Наталія Олегівна,
8 Клас,Вівторок,7,Охорона здоров’я,Кармазін Юрій,
8 Клас,Вівторок,8,Математика,Єрмошина Тетяна Олегівна,
8 Клас,Вівторок,9,Англійська мова,Ніколаєць Наталія Олегівна,
8 Клас,Вівторок,10,Інформатика,Косачев Владислав Петрович,
8 Клас,Вівторок,11,Українська мова,Лєщенко Світлана Петрівна,
8 Клас,Вівторок,12,Зарубіжна література,Лєщенко Світлана Петрівна,
9 Клас,Вівторок,1,Природознавство,Нізіна Тамара Миколаївна,
9 Клас,Вівторок,2,Математика,Прядко Оксана Володимирівна,
9 Клас,Вівторок,3,Біологія,Нізіна Тамара Миколаївна,
9 Клас,Вівторок,4,Фізика,Єрмошина Тетяна Олегівна,
9 Клас,Вівторок,5,Математика,Прядко Оксана Володимирівна,
9 Клас,Вівторок,6,Англійська мова,Ніколаєць Наталія Олегівна,
9 Клас,Вівторок,7,Українська мова,Лєщенко Світлана Петрівна,
11 Клас,Вівторок,1,Інформатика,Косачев Владислав Петрович,
11 Клас,Вівторок,2,Математика,Ракута Вікторія Миколаївна,
11 Клас,Вівторок,3,Українська мова,Дяченко Наталія Костянтинівна,
11 Клас,Вівторок,4,Українська література,Дяченко Наталія Костянтинівна,
11 Клас,Вівторок,5,Фізика,Єрмошина Тетяна Олегівна,
11 Клас,Вівторок,6,Хімія,Нізіна Тамара Миколаївна,
3 Клас,Вівторок,3,Інформатика,Косачев Владислав Петрович,
4 Клас,Вівторок,6,Інформатика,Косачев Владислав Петрович,
5 Клас,Середа,1,Історія України,Луценко Наталія Олександрівна,
5 Клас,Середа,2,Українська мова,Дяченко Наталія Костянтинівна,
5 Клас,Середа,3,Математика,Єрмошина Тетяна Олегівна,
5 Клас,Середа,4,Математика,Єрмошина Тетяна Олегівна,
5 Клас,Середа,5,Англійська мова,Ніколаєць Наталія Олегівна,
6 Клас,Середа,1,Інформатика,Косачев Владислав Петрович,
6 Клас,Середа,2,Українська мова,Лєщенко Світлана Петрівна,
6 Клас,Середа,3,Математика,Прядко Оксана Володимирівна,
6 Клас,Середа,4,Українська мова,Лєщенко Світлана Петрівна,
6 Клас,Середа,5,Фізкультура,Осипенко Роман Миколайович,
6 Клас,Середа,6,Англійська мова,Ніколаєць Наталія Олегівна,
7 Клас,Середа,6,Математика,Ракута Вікторія Миколаївна,
7 Клас,Середа,7,Зарубіжна література,Дяченко Наталія Костянтинівна,
7 Клас,Середа,8,Українська література,Дяченко Наталія Костянтинівна,
7 Клас,Середа,9,Англійська мова,Ніколаєць Наталія Олегівна,
7 Клас,Середа,10,Історія України,Луценко Наталія Олександрівна,
7 Клас,Середа,11,Хімія,Нізіна Тамара Миколаївна,
8 Клас,Середа,1,Українська мова,Лєщенко Світлана Петрівна,
8 Клас,Середа,2,Математика,Єрмошина Тетяна Олегівна,
8 Клас,Середа,3,Англійська мова,Ніколаєць Наталія Олегівна,
8 Клас,Середа,4,Біологія,Нізіна Тамара Миколаївна,
8 Клас,Середа,5,Зарубіжна література,Лєщенко Світлана Петрівна,
8 Клас,Середа,6,Мистецтво,Шпилевська Олена Іванівна,
8 Клас,Середа,7,Хімія,Нізіна Тамара Миколаївна,
8 Клас,Середа,8,Фізкультура,Осипенко Роман Миколайович,
9 Клас,Середа,1,Математика,Прядко Оксана Володимирівна,
9 Клас,Середа,2,Математика,Прядко Оксана Володимирівна,
9 Клас,Середа,3,Інформатика,Косачев Владислав Петрович,
9 Клас,Середа,4,Фізкультура,Осипенко Роман Миколайович,
9 Клас,Середа,5,Всесвітня історія,Луценко Наталія Олександрівна,
9 Клас,Середа,6,Фізика,Єрмошина Тетяна Олегівна,
9 Клас,Середа,7,Мистецтво,Шпилевська Олена Іванівна,
11 Клас,Середа,1,Українська література,Дяченко Наталія Костянтинівна,
11 Клас,Середа,2,Математика,Ракута Вікторія Миколаївна,
11 Клас,Середа,3,Фізкультура,Осипенко Роман Миколайович,
11 Клас,Середа,4,Всесвітня історія,Луценко Наталія Олександрівна,
11 Клас,Середа,5,Хімія,Нізіна Тамара Миколаївна,
11 Клас,Середа,6,Історія України,Луценко Наталія Олександрівна,
11 Клас,Середа,7,Фізика,Єрмошина Тетяна Олегівна,
1 Клас,Середа,2,Англійська мова,Ніколаєць Наталія Олегівна,
2 Клас,Середа,2,Інформатика,Косачев Владислав Петрович,
3 Клас,Середа,4,Англійська мова,Ніколаєць Наталія Олегівна,
4 Клас,Середа,6,Англійська мова,Ніколаєць Наталія Олегівна,
5 Клас,Четвер,1,Природознавство,Нізіна Тамара Миколаївна,
5 Клас,Четвер,2,Українська література,Дяченко Наталія Костянтинівна,
5 Клас,Четвер,3,Зарубіжна література,Дяченко Наталія Костянтинівна,
5 Клас,Четвер,4,Математика,Єрмошина Тетяна Олегівна,
5 Клас,Четвер,5,Українська мова,Дяченко Наталія Костянтинівна,
6 Клас,Четвер,1,Географія,Дегтяр Олександр Леонідович,
6 Клас,Четвер,2,Історія України,Луценко Наталія Олександрівна,
6 Клас,Четвер,3,Математика,Прядко Оксана Володимирівна,
6 Клас,Четвер,4,Математика,Прядко Оксана Володимирівна,
6 Клас,Четвер,5,Природознавство,Нізіна Тамара Миколаївна,
6 Клас,Четвер,6,Мистецтво,Шпилевська Олена Іванівна,
6 Клас,Четвер,7,Зарубіжна література,Лєщенко Світлана Петрівна,
7 Клас,Четвер,1,Всесвітня історія,Луценко Наталія Олександрівна,
7 Клас,Четвер,2,Математика,Ракута Вікторія Миколаївна,
7 Клас,Четвер,3,Географія,Дегтяр Олександр Леонідович,
7 Клас,Четвер,4,Біологія,Нізіна Тамара Миколаївна,
7 Клас,Четвер,5,Фізика,Єрмошина Тетяна Олегівна,
8 Клас,Четвер,1,Українська мова,Лєщенко Світлана Петрівна,
8 Клас,Четвер,2,Всесвітня історія,Луценко Наталія Олександрівна,
8 Клас,Четвер,3,Математика,Єрмошина Тетяна Олегівна,
8 Клас,Четвер,4,Географія,Дегтяр Олександр Леонідович,
8 Клас,Четвер,5,Історія України,Дегтяр Олександр Леонідович,
8 Клас,Четвер,6,Українська мова,Лєщенко Світлана Петрівна,
8 Клас,Четвер,7,Фізкультура,Осипенко Роман Миколайович,
9 Клас,Четвер,1,Англійська мова,Ніколаєць Наталія Олегівна,
9 Клас,Четвер,2,Українська мова,Лєщенко Світлана Петрівна,
9 Клас,Четвер,3,Біологія,Нізіна Тамара Миколаївна,
9 Клас,Четвер,4,Українська мова,Лєщенко Світлана Петрівна,
9 Клас,Четвер,5,Фізкультура,Осипенко Роман Миколайович,
9 Клас,Четвер,6,Географія,Дегтяр Олександр Леонідович,
9 Клас,Четвер,7,Хімія,Нізіна Тамара Миколаївна,
11 Клас,Четвер,6,Англійська мова,Ніколаєць Наталія Олегівна,
11 Клас,Четвер,7,Математика,Ракута Вікторія Миколаївна,
11 Клас,Четвер,8,Українська мова,Дяченко Наталія Костянтинівна,
11 Клас,Четвер,9,Українська мова,Дяченко Наталія Костянтинівна,
11 Клас,Четвер,10,Біологія,Нізіна Тамара Миколаївна,
11 Клас,Четвер,11,Географія,Дегтяр Олександр Леонідович,
11 Клас,Четвер,12,Зарубіжна література,Дяченко Наталія Костянтинівна,
1 Клас,Четвер,2,Англійська мова,Ніколаєць Наталія Олегівна,
2 Клас,Четвер,4,Англійська мова,Ніколаєць Наталія Олегівна,
3 Клас,Четвер,5,Англійська мова,Ніколаєць Наталія Олегівна,
4 Клас,Четвер,3,Англійська мова,Ніколаєць Наталія Олегівна,
5 Клас,П’ятниця,1,Математика,Єрмошина Тетяна Олегівна,
5 Клас,П’ятниця,2,Українська мова,Дяченко Наталія Костянтинівна,
5 Клас,П’ятниця,3,Інформатика,Косачев Владислав Петрович,
6 Клас,П’ятниця,1,Українська мова,Лєщенко Світлана Петрівна,
6 Клас,П’ятниця,2,Математика,Прядко Оксана Володимирівна,
6 Клас,П’ятниця,3,Англійська мова,Ніколаєць Наталія Олегівна,
7 Клас,П’ятниця,1,Інформатика,Косачев Владислав Петрович,
7 Клас,П’ятниця,2,Математика,Ракута Вікторія Миколаївна,
7 Клас,П’ятниця,3,Фізкультура,Осипенко Роман Миколайович,
7 Клас,П’ятниця,4,Зарубіжна література,Дяченко Наталія Костянтинівна,
7 Клас,П’ятниця,5,Англійська мова,Ніколаєць Наталія Олегівна,
7 Клас,П’ятниця,6,Українська мова,Дяченко Наталія Костянтинівна,
7 Клас,П’ятниця,7,Музика,Батухно Олександр,
8 Клас,П’ятниця,4,Англійська мова,Ніколаєць Наталія Олегівна,
8 Клас,П’ятниця,5,Математика,Єрмошина Тетяна Олегівна,
8 Клас,П’ятниця,6,Інформатика,Косачев Владислав Петрович,
8 Клас,П’ятниця,7,Математика,Єрмошина Тетяна Олегівна,
8 Клас,П’ятниця,8,Біологія,Нізіна Тамара Миколаївна,
9 Клас,П’ятниця,4,Математика,Прядко Оксана Володимирівна,
9 Клас,П’ятниця,5,Зарубіжна література,Лєщенко Світлана Петрівна,
9 Клас,П’ятниця,6,Біологія,Нізіна Тамара Миколаївна,
9 Клас,П’ятниця,7,Англійська мова,Ніколаєць Наталія Олегівна,
9 Клас,П’ятниця,8,Інформатика,Косачев Владислав Петрович,
9 Клас,П’ятниця,9,Фізика,Єрмошина Тетяна Олегівна,
11 Клас,П’ятниця,1,Українська мова,Дяченко Наталія Костянтинівна,
11 Клас,П’ятниця,2,Технології,Кармазін Юрій,
11 Клас,П’ятниця,3,Математика,Ракута Вікторія Миколаївна,
11 Клас,П’ятниця,4,Фізкультура,Осипенко Роман Миколайович,
11 Клас,П’ятниця,5,Українська мова,Дяченко Наталія Костянтинівна,
11 Клас,П’ятниця,6,Фізика,Єрмошина Тетяна Олегівна,
11 Клас,П’ятниця,7,Хімія,Нізіна Тамара Миколаївна,
1 Клас,П’ятниця,1,Музика,Батухно Олександр,
2 Клас,П’ятниця,2,Музика,Батухно Олександр,
3 Клас,П’ятниця,3,Музика,Батухно Олександр,
4 Клас,П’ятниця,4,Музика,Батухно Олександр,
4 Клас,П’ятниця,7,Інформатика,Косачев Владислав Петрович,
